title,num,share_url
全新16g101-1/2/3全套三本平法,1491,【快来捡漏【全新16g101-1/2/3全套三本平法钢筋图集混凝土结构施】】https://m.tb.cn/h.epo1dZG 点击链接，再选择浏览器咑閞；或椱ァ製这段描述€RKfMYq8UThw€后到👉闲鱼或手机淘宝👈
新农村自建房设计图房屋建筑结构效果一二层,497,【快来捡漏【新农村自建房设计图房屋建筑结构效果一二层三层别墅CAD施工图】】https://m.tb.cn/h.eKiR4Rl 点击链接，再选择浏览器咑閞；或椱ァ製这段描述€rIEAYq88Jx2€后到👉闲鱼或手机淘宝👈
公务员笔记上岸技巧精华公务员笔记上岸资料,483,【快来捡漏【公务员笔记 上岸技巧精华】】https://m.tb.cn/h.eKafMIk 点击链接，再选择浏览器咑閞；或椱ァ製这段描述€sFfMYq8geis€后到👉闲鱼或手机淘宝👈
中国风PPT模板中国风元素类型PPT模板,352,【快来捡漏【中国风 PPT模板】】https://m.tb.cn/h.eKaf32v 点击链接，再选择浏览器咑閞；或椱ァ製这段描述€LwdIYq8Umhg€后到👉闲鱼或手机淘宝👈
百度文库文件代下百度文库资料代下，原格式,252,【快来捡漏【百度文库文件代下】】https://m.tb.cn/h.epocsUB 点击链接，再选择浏览器咑閞；或椱ァ製这段描述€SmCWYq8TfqR€后到👉闲鱼或手机淘宝👈
"高中美术教资重点笔记
高中美术教资要考的",237,【快来捡漏【高中美术教资重点笔记】】https://m.tb.cn/h.epdsmvy 点击链接，再选择浏览器咑閞；或椱ァ製这段描述€lzNhYq8TTc3€后到👉闲鱼或手机淘宝👈
新加坡数学新加坡数学新加坡数学幼儿园3个,220,【快来捡漏【新加坡 数学】】https://m.tb.cn/h.epdusQe 点击链接，再选择浏览器咑閞；或椱ァ製这段描述€TA0mYq8SPzL€后到👉闲鱼或手机淘宝👈
"CPA课程详情私聊
资料全面（18+19",212,【快来捡漏【CPA课程】】https://m.tb.cn/h.eKiiG9L 点击链接，再选择浏览器咑閞；或椱ァ製这段描述€b1IsYq8Se22€后到👉闲鱼或手机淘宝👈
营销跨界营销及异业合作方案送总统营销资料,211,【快来捡漏【营销跨界营销及异业合作方案送总统营销资料包】】https://m.tb.cn/h.epdtily 点击链接，再选择浏览器咑閞；或椱ァ製这段描述€bEbkYq8glzy€后到👉闲鱼或手机淘宝👈
鲜花16g101-1/2/3全套三本平法,193,【快来捡漏【鲜花16g101-1/2/3全套三本平法钢筋图集混凝土结构施】】https://m.tb.cn/h.eKi63Ff 点击链接，再选择浏览器咑閞；或椱ァ製这段描述€a154Yq85QJe€后到👉闲鱼或手机淘宝👈
鲜花16G101系列图集全套3本钢筋平法,187,【快来捡漏【鲜花16G101系列图集全套3本钢筋平法16g101-123】】https://m.tb.cn/h.eKihEFf 点击链接，再选择浏览器咑閞；或椱ァ製这段描述€P40DYq8Ttli€后到👉闲鱼或手机淘宝👈
Matlab2018a版本，适合在学校做,160,【快来捡漏【Matlab2018a版本，适合在学校做实验搭仿真用，或编写】】https://m.tb.cn/h.epdGdG0 点击链接，再选择浏览器咑閞；或椱ァ製这段描述€IJQBYq86JPx€后到👉闲鱼或手机淘宝👈
亏本处理得力文件袋a4学生资料袋按扣袋试,153,【快来捡漏【亏本处理得力文件袋a4学生资料袋按扣袋试卷袋】】https://m.tb.cn/h.epdFKHB 点击链接，再选择浏览器咑閞；或椱ァ製这段描述€jak7Yq87iGU€后到👉闲鱼或手机淘宝👈
ppkao，考试资料网题目代查0.3元一,146,【快来捡漏【ppkao，考试资料网题目代查】】https://m.tb.cn/h.eKi6JOA 点击链接，再选择浏览器咑閞；或椱ァ製这段描述€GgfmYq86cJY€后到👉闲鱼或手机淘宝👈
营业执照营业执照照片亚马逊入驻资料全新一,140,【快来捡漏【营业执照 营业执照照片 亚马逊入驻资料 全新一手营业执照】】https://m.tb.cn/h.eKigPBI 点击链接，再选择浏览器咑閞；或椱ァ製这段描述€ZDcLYq8UGrM€后到👉闲鱼或手机淘宝👈
代抄代抄各种文章、资料、笔记、文件、教案,137,【快来捡漏【代抄】】https://m.tb.cn/h.eKi6ZUN 点击链接，再选择浏览器咑閞；或椱ァ製这段描述€1czDYq85M7h€后到👉闲鱼或手机淘宝👈
2019高校辅导员考试资料大全很全的！笔,137,【快来捡漏【2019高校辅导员考试资料大全】】https://m.tb.cn/h.epdvMiZ 点击链接，再选择浏览器咑閞；或椱ァ製这段描述€2W6xYq88Er9€后到👉闲鱼或手机淘宝👈
从0到1全面学透区块链菜鸟秘籍从0到1全,134,【快来捡漏【从0到1 全面学透区块链 菜鸟秘籍】】https://m.tb.cn/h.eKi6j21 点击链接，再选择浏览器咑閞；或椱ァ製这段描述€IngTYq857mx€后到👉闲鱼或手机淘宝👈
2019亚马逊运营资料包速卖通WISH国,122,【快来捡漏【2019亚马逊运营资料包 速卖通 WISH 国际站】】https://m.tb.cn/h.eKa7YcU 点击链接，再选择浏览器咑閞；或椱ァ製这段描述€GsAYYq8Rc6T€后到👉闲鱼或手机淘宝👈
TOPIK考试真题35～60届初中高级韩,108,【快来捡漏【TOPIK考试真题35～60届初中高级 韩语考试真题便宜卖啦】】https://m.tb.cn/h.epoX69I 点击链接，再选择浏览器咑閞；或椱ァ製这段描述€eVUBYq8gNhz€后到👉闲鱼或手机淘宝👈
16g101-1/2/3全套三本平法钢筋,105,【快来捡漏【16g101-1/2/3全套三本平法钢筋图集】】https://m.tb.cn/h.epocdPn 点击链接，再选择浏览器咑閞；或椱ァ製这段描述€Tpg2Yq8gWBy€后到👉闲鱼或手机淘宝👈
小说网文写作教程，原价15的某宝网文写作,103,【快来捡漏【小说网文写作教程，原价15的某宝网文写作资料，里面有软件什么】】https://m.tb.cn/h.epoVGdr 点击链接，再选择浏览器咑閞；或椱ァ製这段描述€utRNYq88XkT€后到👉闲鱼或手机淘宝👈
